nombre_col,num_code,prom_valor_unitario_suelo,valor_unitario_pred,cambio_porcentual
SANTA ISABEL TOLA (PBLO),7810,2259.222479,2271.283092,1%
DEMET (U HAB),2020,2541.94,2556.206251,1%
SAN MARCOS (BARR),2009,2541.94,2556.206251,1%
HEROES DE CHAPULTEPEC,7939,2252.96,2265.71973,1%
INDECO (U HAB),7990,2252.96,2265.71973,1%
ROSAS DEL TEPEYAC,7100,2273.337642,2290.175213,1%
EL JAGUEY-ESTACION PANTACO,2000,2535.112564,2555.109175,1%
SAN MIGUEL-LA ESCALERA (BARR),7950,2252.96,2271.275901,1%
CAMINO A SAN JUAN DE ARAGON (PBLO),7969,2252.96,2271.29188,1%
LAS CAMPANAS,4890,3275.892927,3302.963519,1%
MINERVA,9810,2178.424592,2196.587848,1%
SAN SEBASTIAN,2000,2541.94,2565.897118,1%
EL ARENAL 4A SECCION,15900,1825.24,1842.89052,1%
AMPL CARACOL,15650,1825.24,1843.22608,1%
CARACOL,15650,1838.924059,1857.169367,1%
PARQUE RESIDENCIAL SAN ANTONIO (U HAB),1180,4299.89,4345.339752,1%
COAPA 2A SECCION-RAMOS MILLAN,14357,3427.677115,3467.13739,1%
AGUILERA,2900,2612.110723,2642.533863,1%
DM NACIONAL,7495,2243.22,2270.284401,1%
SAN SALVADOR XOCHIMANCA,2870,2758.299531,2793.876084,1%
REYNOSA TAMAULIPAS,2120,2541.94,2575.234947,1%
SAN MATEO TLALTENANGO (PBLO),5600,2328.250418,2360.90339,1%
LAS AGUILAS,1010,2462.18,2496.934536,1%
EJIDOS SAN JUAN DE ARAGON 1A SECCION (U HAB),7950,2252.96,2285.633845,1%
GRANJAS ESMERALDA,9810,2198.251285,2230.748909,1%
SAN MATEO,2000,2662.532846,2706.802254,2%
LLANO REDONDO,1500,1770.088566,1801.89536,2%
AGRICOLA ORIENTAL VII,8580,2179,2219.449069,2%
TORRES DE MIXCOAC (U HAB),1480,2768.64,2823.19464,2%
EL ARENAL 2A SECCION,15680,1825.24,1861.887082,2%
LOS ROBLES (FRACC),4870,2503.45,2554.105793,2%
FOVISSSTE SAN PEDRO MARTIR ( U HAB),14650,2697.85,2752.74023,2%
EL ARENAL 3A SECCION,15680,1825.24,1862.57063,2%
LOS GIRASOLES I,4920,4574.596168,4668.918445,2%
PROGRESO NACIONAL II,7670,2220.876866,2269.701965,2%
DOCTORES II,6720,4774.098325,4880.030169,2%
AXOTLA,1030,4915.896643,5029.560604,2%
MEXICO NUEVO,11470,2970.45,3040.15997,2%
LOS ANGELES,9830,2131.524182,2181.595682,2%
VALLE DE TEPEPAN,14646,1962.595758,2008.766151,2%
RANCHO EL ROSARIO,4380,2528.18,2588.487767,2%
ANAHUAC LAGO NORTE,11480,2771.311951,2845.377937,3%
GRANJAS MODERNAS-SAN JUAN DE ARAGON (AMPL),7950,2243.22,2304.009516,3%
IRRIGACION,11500,5646.444358,5802.099215,3%
ISIDRO FABELA I (PONIENTE),14030,2077.113385,2134.797063,3%
7 DE JULIO (AMPL),15900,1900.278478,1954.107583,3%
BARRIO NORTE,1140,1671.448411,1720.308179,3%
CAMPESTRE COYOACAN (FRACC),4000,3180.909364,3273.908597,3%
CUITLAHUAC (U HAB),9830,2115.74,2177.792488,3%
NARVARTE II,3020,5093.056897,5245.654962,3%
SAN FRANCISCO (BARR),10850,2091.411399,2155.31824,3%
PODER POPULAR,1600,2420.77,2497.183961,3%
VILLA GUSTAVO A MADERO,7660,2265.687834,2338.096056,3%
SANTIAGO ATEPETLAC (LA SELVITA) (U HAB),7640,2190.49,2260.629614,3%
SANTA MARTHA DEL SUR,4200,3354.52,3463.800148,3%
IGNACIO ZARAGOZA II,15720,1971.882883,2036.86518,3%
VALENTIN GOMEZ FARIAS,15290,1985.321379,2050.868117,3%
LAS TROJES COAPA (U HAB),4650,3169.78,3283.734869,4%
JARDIN AZPEITIA,2530,2513.214805,2604.183547,4%
PROGRESO NACIONAL (AMPL),7650,2190.882659,2270.820498,4%
VILLA DE CORTES,3410,2806.328398,2910.546439,4%
EL ARENAL 1A SECCION,15660,1825.24,1893.123609,4%
ESCANDON II,11800,6089.307032,6318.421259,4%
CUCHILLA DEL TESORO,7900,2233.44,2319.039306,4%
C T M ARAGON (U),7990,2233.44,2319.304786,4%
DOS RIOS,1530,1730.2,1797.082195,4%
UNIDAD POPULAR TEPEACA,1550,1735.22,1802.515515,4%
EX EJIDO SAN FRANCISCO CULHUACAN I,4260,2593.33,2695.367385,4%
AMSA,14380,3310.012353,3443.047284,4%
EL BOSQUE 2DA SECCION (AMPL),1140,1788.36,1864.820391,4%
INDUSTRIAL VALLEJO (U HAB),2300,2417.89196,2523.172873,4%
EMANCIPACION DEL PUEBLO,1550,1730.673758,1807.38662,4%
PROGRESO NACIONAL I,7670,2190.49,2289.988658,5%
SANTISIMA TRINIDAD,14449,1809.71,1892.306752,5%
LA COLMENA,9310,2053.05024,2148.648819,5%
COLTONGO,2230,2467.22,2583.465481,5%
LOS ANGELES APANOAYA,9830,2073.311169,2172.9537,5%
SECTOR NAVAL,2060,2519.104758,2642.777384,5%
LA ANGOSTURA,1770,1735.165692,1823.758579,5%
ESTANZUELA,7360,2156.28987,2266.384458,5%
SAN PEDRO DE LOS PINOS,1150,4299.89,4525.587019,5%
NARCISO BASSOLS (U HAB),7990,2233.44,2353.40701,5%
DEL RECREO,2000,2510.09,2647.96488,5%
CENTRO IV,6000,7308.020553,7715.833634,6%
PUEBLA,15020,1933.881354,2041.841055,6%
51 LEGISLATURA,7460,2145.412609,2265.633443,6%
PUEBLO NUEVO,1240,1678.077945,1777.298703,6%
EL CONTADERO,5000,2485.805564,2634.300839,6%
PEON DE LOS BAOS,15620,3028.600715,3210.043143,6%
SANTIAGO SUR,8900,2153,2289.066619,6%
FEDERAL,15900,1969.591097,2095.335857,6%
OCHO DE AGOSTO,1140,4188.303944,4457.625461,6%
PRESIDENTES DE MEXICO,9940,2022.43561,2153.180201,6%
SAN FRANCISCO,10910,2081.39685,2216.84526,7%
ALFONSO XIII,1080,2591.239467,2760.140401,7%
HUAUTLA DE LAS SALINAS (BARR),2300,2369.732353,2525.008589,7%
LEYES DE REFORMA 3A SECCION II,9310,1926.984767,2053.52874,7%
SAN PEDRO CUAJIMALPA (PBLO),5030,2411.207932,2571.174776,7%
OBRERO POPULAR,2600,2567.558254,2740.142381,7%
MOVIMIENTO ORGANIZADO DE TLALPAN-EL MIRADOR (RNCDA),14650,1786.39,1906.722449,7%
AGRICOLA ORIENTAL IV,8510,2144,2289.629754,7%
PRIVADA CENTENARIO,1430,1659.2,1772.408144,7%
SIDERAL,9370,2005.48,2144.544078,7%
EL BOSQUE,1140,1788.36,1913.074219,7%
CANUTILLO 3RA SECCION,1230,1670.795093,1788.558631,7%
NUEVA VALLEJO,7870,2860.343923,3062.451265,7%
LEGARIA (U HAB),11940,2970.45,3184.05614,7%
ISIDRO  FABELA (AMPL),14330,2023.68,2169.318734,7%
PLENITUD,2099,2385.164547,2560.756579,7%
CANUTILLO PREDIO LA PRESA,1430,1659.2,1782.358474,7%
SANTA MARIA NONOALCO,1420,2729.68,2935.608978,8%
TEPETONGO,14657,1752.969266,1887.265639,8%
AGRICULTURA,11430,2437.4,2627.421365,8%
JUVENTUD UNIDA,14647,1786.39,1925.780778,8%
PUEBLO NUEVO BAJO,10910,1948.695214,2104.356514,8%
TATA LZARO,11500,2947.74,3186.451199,8%
ACUILOTLA,1539,1684.654748,1822.28205,8%
"MESA LOS HORNOS, TEXCALTENCO",14429,1809.71,1960.011969,8%
PUEBLO NUEVO ALTO,10910,1931.638593,2093.4085,8%
SAN PEDRO ZACATENCO (PBLO),7730,2122.536262,2302.981007,9%
EX-HACIENDA EL ROSARIO,2000,2343.315789,2546.734515,9%
LEYES DE REFORMA 3A SECCION I,9700,1985.326771,2157.723301,9%
SAN FRANCISCO TETECALA (PBLO),2000,2491.42667,2716.518047,9%
ARAGON LA VILLA (ARAGON),7940,2148.535759,2342.779678,9%
LINDAVISTA I,7730,4111.150493,4483.14053,9%
SAN ANTONIO (FRACC),2000,2355.775591,2570.744849,9%
LA ERA,9830,1972.581713,2153.520555,9%
DEPORTIVA PENSIL,11970,2950.802014,3222.951805,9%
SAN LORENZO ATEMOAYA (PBLO),16750,1653.975247,1806.523909,9%
NUEVO SAN RAFAEL (BARR),2010,2354.24,2575.191948,9%
SAN JUAN JOYA (PJE),9880,1994.976991,2182.633121,9%
MINAS DE CRISTO,1180,1655.004556,1811.027245,9%
LOS REYES (BARR),2000,2355,2580.404376,10%
EL BOSQUE SECCION TORRES,1140,1788.36,1962.015874,10%
LA GUADALUPE,10820,1972.80906,2166.86371,10%
DEL VALLE I,3100,7678.251294,8445.942622,10%
VALLE ESCONDIDO,14600,3101.744755,3413.601341,10%
PROVIDENCIA III,7950,2048.54,2256.157355,10%
PROVIDENCIA I,7560,2048.54,2256.742188,10%
CAMPESTRE ARAGON II,7960,2041.86,2252.723734,10%
RINCON LAS HADAS-VILLA ROYALE-FUENTES Y ARCONADA COAPA,14399,3155.352435,3482.041578,10%
FUENTES Y PEDREGAL DE TEPEPAN,14643,1771.522149,1955.261267,10%
PROVIDENCIA (AMPL),7560,2048.54,2261.593151,10%
ANAHUAC II,11320,4608.943614,5089.959997,10%
CAMPESTRE ARAGON I,7930,2041.86,2256.911566,11%
JACARANDAS,9830,1943.508451,2151.259519,11%
TLATILCO (U HAB),2800,2487.878824,2754.15499,11%
LIBERTAD,2020,2322.434585,2574.586197,11%
PETROLERA,2480,2362.54,2619.28915,11%
SAN BARTOLO CAHUALTONGO (PBLO),2070,2362.54,2619.295861,11%
7 DE NOVIEMBRE,7840,2126.505874,2357.834224,11%
LA PRADERA II (U HAB),7570,2048.54,2275.957486,11%
LA PRADERA,7560,2048.54,2276.036103,11%
EL CAPULIN (AMPL),1110,1563.16,1738.699491,11%
SAN RAFAEL,2010,2354.24,2619.173941,11%
MALVINAS MEXICANAS,7920,2048.54,2280.808981,11%
GUADALUPE PROLETARIA,7760,2044.791965,2279.855565,11%
LA CRUZ,10810,1921.640196,2144.502461,12%
PROVIDENCIA II,7560,2048.004224,2286.045191,12%
ISIDRO FABELA II (ORIENTE),14049,2036.951341,2276.000716,12%
REAL DEL SUR-VILLAS DEL SUR-RESIDENCIAL ACOXPA,14399,3085.478347,3457.627099,12%
PRESIDENTES 1RA (AMPL),1259,1545.37,1732.139026,12%
PRESIDENTES,1290,1545.37,1732.194953,12%
VASCO DE QUIROGA,7440,2009.44874,2255.390361,12%
CERRO DE LA ESTRELLA II,9900,1956.284311,2196.740085,12%
ANAHUAC MARIANO ESCOBEDO,11320,4507.590354,5068.718538,12%
LOMAS QUEBRADAS,10000,1935.814162,2179.936294,13%
LOMAS DE AXOMIATLA,1050,2373.927092,2677.972466,13%
CASAS ALEMAN (AMPL) II,7969,1993.89,2252.723734,13%
ACUEDUCTO,1100,1547.353163,1748.757615,13%
AZTLAN-APACHES (U HAB),16600,2191.28,2477.587167,13%
CASAS ALEMAN (AMPL) I,7960,1993.89,2256.17653,13%
PRESIDENTES 2DA (AMPL),1160,1545.37,1749.555296,13%
SINDICATO MEXICANO DE ELECTRICISTAS,2000,2285.759483,2589.054043,13%
LOMAS DE  PADIERNA II,14260,1703.708334,1930.734685,13%
BELISARIO DOMINGUEZ,14310,2450,2776.688831,13%
ERMITA ZARAGOZA (U HAB) I,9360,1891.709461,2144.615707,13%
LIBERALES DE 1857,1110,1545.18,1753.757139,13%
BARRANCA SECA,10910,1868.682436,2125.667464,14%
GALEANA,1400,1547.886393,1761.020562,14%
EL CARACOL,4739,4268.102549,4858.285676,14%
EL ARBOLILLO 1 (U HAB),7240,1985.67,2261.348671,14%
PRADOS DEL ROSARIO,2410,2226.12,2536.339312,14%
SAN FELIPE DE JESUS I,7570,1980.55,2256.684664,14%
SAN FELIPE DE JESUS II,7550,1980.55,2256.911566,14%
ERMITA ZARAGOZA (U HAB) II,9230,1880.56,2144.544078,14%
POPULAR STA TERESA,14280,1699.51,1944.421508,14%
AMPLIACION PETROLERA,2460,2353.03,2692.230249,14%
SAN FELIPE DE JESUS III,7510,1980.55,2266.152229,14%
SAN FELIPE DE JESUS IV,7570,1980.55,2266.327999,14%
SANTIAGO ATEPETLAC,7670,1991.130077,2279.882729,15%
TESMIC (RDCIAL),16400,1549.08,1775.082955,15%
REACOMODO EL CUERNITO,1220,1509.196793,1729.917426,15%
GUERRERO III,6300,4347.390421,4985.509177,15%
GERTRUDIS SANCHEZ 2A SECCION,7839,1981.83,2275.394384,15%
SAN PEDRO EL CHICO,7920,1981.83,2275.712048,15%
CUAUHTEMOC,6500,10937.15908,12564.65218,15%
LOS REYES (PBLO),4330,3018.179602,3473.301068,15%
ADOLFO LOPEZ MATEOS,5280,2183.41,2513.982315,15%
LETRAN VALLE,3650,4694.694388,5414.65339,15%
SANTA LUCIA (BARR),2000,2329.361696,2687.416812,15%
JARDINES DEL AJUSCO,14410,1706.379726,1969.660418,15%
PORTALES IV,3000,3316.954585,3829.26483,15%
CENTRO VIII,6080,7461.260112,8623.949189,16%
LA SANTISIMA (BARR),16500,1534.221236,1774.460325,16%
BELLA VISTA,1000,1683.332,1947.382899,16%
1RA VICTORIA SECCION BOSQUES,1150,1788.36,2069.314957,16%
MIRASOLES (U HAB),9980,1856.447696,2148.29728,16%
TORRES DE PADIERNA,14600,1657.940759,1919.163317,16%
AMADO NERVO,5000,2183.41,2527.621707,16%
GERTRUDIS SANCHEZ 1A SECCION,7830,1981.83,2294.529005,16%
SANTIAGO ATZACOALCO (PBLO),7430,1948.5,2260.36596,16%
GERTRUDIS SANCHEZ 3A SECCION,7880,1981.83,2299.911254,16%
SAN LORENZO (BARR),16600,1528.792577,1774.460325,16%
GRAL A ROSALES,1230,1592.7836,1850.059954,16%
EJIDOS DE SAN PEDRO MARTIR I (NORTE),14650,1694.968372,1969.870862,16%
SAN JUAN XALPA I,9860,1847.264721,2148.565728,16%
MARTIRES DE RIO BLANCO (AMPL),7880,1981.83,2309.001022,17%
ARAGON INGUARAN,7880,1981.83,2309.084645,17%
CUCHILLA LA JOYA,7890,1981.83,2309.3989,17%
CUAUHTEMOC PENSIL,11520,2970.45,3467.108947,17%
LEYES DE REFORMA 1A SECCION,9700,1855.99,2166.385096,17%
DEL OBRERO,7440,1948.5,2274.628029,17%
FAJA DE ORO,7860,1981.83,2313.984918,17%
MARTIRES DE RIO BLANCO,7890,1981.83,2314.107096,17%
LA PRADERA I (U HAB),7500,1944.66475,2271.1241,17%
PIEDAD NARVARTE,3000,4752.609394,5557.467399,17%
LA JOYA,7890,1981.83,2319.176497,17%
GUELATAO DE JUAREZ I (U HAB),9230,1838.84,2153.253705,17%
MANZANASTITLA,5270,2125.980692,2494.438149,17%
DEL MAESTRO,2000,2213.86,2599.708891,17%
EMILIANO ZAPATA (AMPL),7860,1981.83,2328.612001,17%
COOPERATIVA CEHUAYO,1540,1545.932014,1816.884376,18%
SAN JUANICO NEXTIPAC (PBLO),9938,2448.016607,2877.226979,18%
LOMAS DE SANTO DOMINGO (AMPL),1100,1499.73,1762.968297,18%
SAN JOAQUIN,11270,2548.79,2996.76993,18%
EJIDOS DE SAN PEDRO MARTIR II (SUR),14640,1654.641067,1945.491039,18%
JUAN ESCUTIA III,9230,1835.013661,2158.311329,18%
PEDREGAL 2 (CONJ HAB),10720,1914.67,2256.50446,18%
BELISARIO DOMINGUEZ,7890,1981.83,2337.99379,18%
NUEVA TENOCHTITLAN,7980,1982.188636,2338.790257,18%
REAL DEL MONTE,1125,1499.73,1771.576742,18%
GUADALUPE PROLETARIA (AMPL),7680,1916.098023,2264.569238,18%
AMPLIACION RAMOS MILLAN,8740,1883,2226.507165,18%
NIO JESUS (BARR),14090,2450,2898.668425,18%
RESIDENCIAL INSURGENTES SUR (U HAB),14430,2357.936779,2791.305249,18%
FERNANDO CASAS ALEMAN,7960,1981.83,2352.178145,19%
LOS REYES (PBLO),9890,1846.453758,2191.695166,19%
TRES ESTRELLAS,7820,1981.83,2352.667561,19%
EX-ESCUELA DE TIRO,7960,1981.83,2357.089019,19%
PALMAS,1110,1483.05,1764.248946,19%
LA JOYITA,7890,1981.83,2357.615746,19%
BONDOJITO,7860,1981.83,2357.765223,19%
ARBOLEDAS POLITOCO,1150,1510.290185,1797.609326,19%
EL PIRUL,1130,1481.074541,1763.391306,19%
LOMAS DE SANTO DOMINGO,1100,1499.73,1786.332932,19%
TABLAS DE SAN AGUSTIN,7890,1981.83,2362.649824,19%
LAS PEAS II,9830,1800.576527,2148.680777,19%
EMILIANO ZAPATA,7889,1981.83,2367.352789,19%
SAN JOSE DE LA ESCALERA,7640,1918.317284,2295.13905,20%
PETROLERA TAXQUEA,4400,2858.206356,3420.004506,20%
CERRO PRIETO,7960,1981.83,2371.951011,20%
FRANCISCO VILLA,9960,1793.408902,2148.616861,20%
SANTA ROSA,7620,1918.44,2299.962067,20%
JOYAS VALLEJO (U HAB),7620,1918.44,2300.165001,20%
SANTA CRUZ XOCHITEPEC (PBLO),16500,1518.008801,1822.230654,20%
PEDREGAL DE STA URSULA XITLA,14630,1660.865011,1994.606293,20%
LA TURBA,13270,1619.3,1946.169678,20%
JESUS DEL MONTE,5260,2091.918267,2522.376843,21%
ANGEL ZIMBRON,2080,2753.097422,3323.19808,21%
SAN JUAN 2A AMPLIACIN (PJE),9860,1794.64,2168.08335,21%
VERGEL DE COYOACAN-VERGEL DEL SUR,14360,2926.667047,3540.143963,21%
JUAREZ,6600,11217.94025,13574.08248,21%
PORTALES II,3300,3043.363669,3683.225012,21%
PORTALES III,3300,3115.346987,3770.938917,21%
REFORMA IZTACCIHUATL NORTE,8900,2001,2425.607272,21%
SAN JOSE DE LOS CEDROS II,5000,2225.319016,2698.209875,21%
10 DE ABRIL,11289,2947.74,3576.782373,21%
SAN LUCAS (BARR),4000,3535.228769,4295.575516,22%
NARCISO MENDOZA VILLA COAPA SUPERMANZANA 8 (U HAB),14399,2837.084958,3452.705694,22%
EL OLIVO,7950,1852.598503,2256.636726,22%
SAN JUAN CERRO (PJE),9858,1762.19247,2148.616861,22%
LA RETAMA,5230,2014.27,2458.645912,22%
GARCIMARRERO REACOMODO,1210,1470.86,1797.693483,22%
NEXTENGO (BARR),2000,2748.99,3362.830799,22%
VICTORIA DE LAS DEMOCRACIAS,2800,2235.303756,2734.796087,22%
LA ARAA,1500,1476.84,1807.711314,22%
FUENTES DE AZCAPOTZALCO-PARQUES DE AZCAPOTZALCO (U HAB),2000,2748.99,3367.642101,23%
GARCIMARRERO,1210,1471.091045,1802.562611,23%
DEL NIO JESUS (BARR),4330,3128.122622,3837.287581,23%
LOS CEDROS,1500,1476.84,1812.527602,23%
PEDREGAL DE LA ZORRA,4600,2753.52,3389.293044,23%
LOMAS ESTRELLA 2A SECC II,9890,2325.675199,2862.709838,23%
LOS REYES (AMPL),9890,1762.908185,2172.464741,23%
25 DE JULIO,7570,1833.008176,2259.728396,23%
TRES FUENTES (U HAB),14390,2795.98,3447.938061,23%
SANTA CRUZ ACAYUCAN (PBLO),2770,2159.84,2672.694743,24%
UNIDADES HABITACIONALES DE SANTA ANA PONIENTE I,13319,1565.426888,1941.574912,24%
EL ROSEDAL II,4300,2799.007605,3473.221546,24%
CUADRANTE DE SAN FRANCISCO,4320,3513.224221,4363.316923,24%
TRIUNFO DE LA REPUBLICA,7070,1822.642051,2266.384458,24%
JARDINES DE LA PALMA (HUIZACHITO),5000,2622.922119,3262.608989,24%
LOS SAUCES (FRACC),4940,3227.097143,4017.658468,24%
ATENOR SALAS,3000,3981.34497,4962.909567,25%
EBANO (U HAB),5100,1999.032243,2492.74768,25%
DANIEL GARZA (AMPL),11870,2114.321457,2637.326996,25%
PARAJE SAN JUAN,9839,1744.82,2177.818968,25%
NUEVA ATZACOALCO III,7440,1803.02,2252.801755,25%
LA TORTUGA XOLALPA-HCO COLEGIO MILITAR,14653,1548.988684,1935.820744,25%
CAMPAMENTO 2 DE OCTUBRE I,8930,1771,2214.833957,25%
AHUATENCO,5039,1958.330881,2451.017531,25%
FRANCISCO VILLA (U HAB),2400,2596.924153,3251.19553,25%
GOLONDRINAS 1RA SECCION,1270,1373.544821,1720.408847,25%
OLIVAR DEL CONDE 2DA SECCION I,1298,1435.28,1797.848302,25%
NUEVA ATZACOALCO II,7920,1803.02,2264.462711,26%
MARGARITA M DE JUAREZ,1210,1396.618679,1757.47643,26%
TETELPAN,1700,1974.239579,2484.425921,26%
LOMAS ESTRELLA 2A SECC I,9960,2286.549228,2877.481046,26%
LA CONCHITA II,13509,1538.257798,1936.681872,26%
ARCOS DE CENTENARIO,1110,1393.890886,1755.85168,26%
EL SANTUARIO (AMPL),9860,1712.51933,2157.652993,26%
PURISIMA I,9600,1727.15,2177.034168,26%
LAS ARBOLEDAS,13300,1539.977465,1941.617523,26%
ATLAMAXAC,1500,1458.404486,1841.055173,26%
LA CONCHITA I,13600,1540.871987,1946.009887,26%
PRESIDENTE MADERO (U HAB),2140,2597.24,3280.226382,26%
JORGE NEGRETE,7880,1790.283467,2261.108986,26%
LOMAS DE CAPULA,1270,1377.81,1740.171493,26%
OLIVAR DEL CONDE 2DA SECCION II,1408,1435.28,1813.350246,26%
VICENTE GUERRERO SUPER MANZANA 5 (U HAB),9280,1702.71,2151.259519,26%
EL YAQUI,5300,7774.541541,9830.55348,26%
LA NOPALERA,13320,1542.187264,1950.973662,27%
MIGUEL HIDALGO,13200,1540.851955,1949.439673,27%
NUEVA ATZACOALCO I,7820,1803.02,2284.78239,27%
VICENTE GUERRERO SUPER MANZANA 4 (U HAB),9700,1702.71,2157.747802,27%
CRUZ ROJA TEPANTONGO (U HAB),2120,2541.94,3221.996721,27%
SAN PABLO 396-CONJ HAB SAN PABLO (U HAB),2020,2541.94,3221.996721,27%
VILLAS DE LOS TRABAJADORES (GDF) (U HAB),13278,1531.94,1942.142701,27%
AGRICOLA METROPOLITANA,13280,1531.94,1944.407988,27%
EL PIRU (FRACC),1230,1377.81,1749.328457,27%
PATRIMONIO FAMILIAR,2480,2318.07,2945.280732,27%
VILLA CENTROAMERICANA (U HAB),13278,1531.94,1946.955048,27%
MIGUEL HIDALGO OTE,13360,1531.94,1949.296501,27%
PEDREGAL DE LAS AGUILAS,14439,1586.24,2019.45908,27%
VICENTE GUERRERO SUPER MANZANA 6 (U HAB),9700,1702.71,2172.042894,28%
TORRES DE POTRERO,1840,1360.097044,1735.463201,28%
CLAVERIA,2030,2650.011689,3382.242539,28%
EDUCACION,4400,2669.005141,3410.255707,28%
LA PRESA,1270,1349.71,1725.070724,28%
5 DE MAYO,11490,2970.45,3797.454702,28%
VICENTE GUERRERO SUPER MANZANA 7 (U HAB),9700,1702.71,2176.954273,28%
VICENTE GUERRERO SUPER MANZANA 2 (U HAB),9710,1702.71,2176.954273,28%
ESTRELLA DEL SUR,9858,1698.966761,2172.304951,28%
CORPUS CHRISTY,1530,1415.409833,1812.210608,28%
PILOTO (ADOLFO LOPEZ MATEOS),1290,1368.571217,1753.458977,28%
VICENTE GUERRERO SUPER MANZANA 3 (U HAB),9200,1702.71,2182.007542,28%
SANTIAGO TEPALCATLALPAN (PBLO),16800,1381.922374,1772.384647,28%
LOMAS DE  PADIERNA I,14740,1500.45,1924.693331,28%
19 DE MAYO,1210,1404.4,1801.970209,28%
VICENTE GUERRERO SUPER MANZANA 1 (U HAB),9200,1702.71,2186.686685,28%
SAN MARTIN XOCHINAHUAC (PBLO),2120,2541.94,3265.251647,28%
LOMAS DE CENTENARIO (U HAB),1630,1365.53,1757.852577,29%
JURISTAS,1630,1365.53,1758.035057,29%
ESTADO DE HIDALGO_,1410,1396.426754,1797.964416,29%
VALENTIN GOMEZ FARIAS,1430,1376.502447,1772.818437,29%
LA PERA XOCHINAHUAC (U HAB),1618,1358.62,1750.56346,29%
SANTA CRUZ DE LAS SALINAS,2300,2534.574694,3268.830104,29%
CONSEJO AGRARISTA MEXICANO I,9930,1665.28,2153.488597,29%
SAN FRANCISCO XOCOTITLA,2940,2117.98,2741.219653,29%
TIERRA NUEVA,2130,2518.781843,3260.330764,29%
SECTOR POPULAR,9060,2240.109342,2901.688774,30%
OCOTILLOS,1700,1963.213885,2543.751399,30%
NARVARTE I,3020,4236.383786,5503.957655,30%
PORTALES I,3300,2816.016593,3658.621317,30%
EL MOLINO_,9960,1686.761031,2191.743103,30%
TETENCO (PJE),14659,1478.488434,1921.31921,30%
GRANADA (AMPL),11540,6663.443002,8667.78023,30%
SANTA LUCIA (PBLO),1500,1381.377872,1797.019345,30%
LOS VOLCANES,14650,1551.259942,2019.46707,30%
TEZOZOMOC,2459,1989.34,2594.686579,30%
AMPLIACION CANDELARIA,4300,1969.367369,2569.131953,30%
VILLA PROGRESISTA,1540,1375.854259,1797.257077,31%
HERON PROAL,1614,1347.945447,1762.92559,31%
SANTA BARBARA (PBLO),2230,2463.126467,3226.791224,31%
ARENAL,2960,2318.07,3037.781352,31%
PRADOS LA PROVIDENCIA,1550,1342.123428,1763.190261,31%
LEYES DE REFORMA 2A SECCION,9340,1562.149689,2053.52874,31%
TLACUITLAPA 2DO REACOMODO (AMPL),1650,1335.376818,1761.673123,32%
LA PRECIOSA,2160,1989.34,2633.614322,32%
CTM EL RISCO (U HAB),7090,1715.62,2275.846911,33%
LAS PEAS I,9830,1620.635217,2158.487099,33%
AMPLIACION MIGUEL HIDALGO 3A SECC,14250,1963.538258,2616.557476,33%
EMILIANO ZAPATA (U HAB),4810,1853.75,2470.432138,33%
2DA EL PIRUL (AMPL),1210,1320.71,1762.60688,33%
EL TRIANGULO,9790,1655.318536,2211.254104,34%
UNIDADES HABITACIONALES DE SANTA ANA PONIENTE II,13319,1448.63272,1937.119698,34%
TLAPECHICO,1210,1320.71,1767.602332,34%
EL RUEDO,1650,1342.03,1796.563942,34%
C T M ARAGON AMPLIACION (U),7999,2233.44,2990.415325,34%
PILOTO (ADOLFO LOPEZ MATEOS) (AMPL),1290,1320.378872,1771.508581,34%
MIGUEL GAONA ARMENTA,1380,1416.080909,1904.401478,34%
TLACUITLAPA,1600,1339.741044,1802.137737,35%
CTM ATZACOALCO (U HAB),7420,1688.044303,2270.977093,35%
BALCONES DE CEHUAYO,1340,1342.03,1806.573126,35%
FRANCISCO I MADERO,11480,2970.45,4002.353869,35%
LA MAGDALENA ATLITIC (PBLO),10910,1559.45,2102.544767,35%
EL MANTO,9858,1616.541196,2181.875715,35%
SAN LUCAS XOCHIMANCA (PBLO),16890,1307.244758,1765.915283,35%
PUENTE COLORADO (AMPL),1730,1336.880828,1806.61611,35%
JOYAS DEL PEDREGAL (FRACC),4660,4054.03,5480.35065,35%
SANTA CRUZ MEYEHUALCO (PBLO),9700,1575.534703,2137.611814,36%
SAN ALVARO,2090,2549.654815,3464.988145,36%
ALDANA,2900,1932.008517,2627.609773,36%
PONCIANO ARRIAGA,1600,1291.550667,1757.49912,36%
FERRERIA (U HAB),2230,2364.84,3222.396197,36%
SAN PEDRO MARTIR (PBLO),14650,1446.752517,1971.927946,36%
TECOLALCO,1230,1282.28,1748.999698,36%
SANTA LUCIA,1500,1324.075852,1806.565137,36%
EJTO DE OTE II (U HAB),9640,1585.284673,2167.63274,37%
TLALCOLIGIA,14640,2044.591134,2800.296899,37%
HEROES DE PADIERNA II,14200,1427.1,1955.163325,37%
LOS GAMITOS,1210,1282.28,1758.728228,37%
LA HUERTA,1230,1282.28,1763.590609,38%
SAN JUAN (BARR),16090,1294.026603,1783.12521,38%
PORVENIR,2600,1902.921315,2624.06616,38%
ARBOLEDAS,9704,1561.5102,2155.197546,38%
SAN RAFAEL TICOMAN (BARR),7360,1632.474771,2256.395166,38%
SANTA CRUZ VI (U HAB),9290,1563.09,2160.882348,38%
SANTA CRUZ VII (U HAB),9290,1563.09,2160.882348,38%
PASTEROS,2000,1878.83,2599.237309,38%
NAVIDAD (GRANJAS DE NAVIDAD),5219,2290.399354,3174.749037,39%
HEROES DE PADIERNA I,14300,1427.1,1979.427537,39%
SAN JUAN XALPA II,9850,1548.307461,2148.565728,39%
CULHUACAN (PBLO),9870,1567.389836,2175.892351,39%
SANTA MARIA MALINALCO (PBLO),2000,1885.2,2618.620427,39%
SAN PEDRO XALPA (AMPL) II,2710,1820.21,2531.23375,39%
LOS OLIVOS,13450,1416.489459,1970.256356,39%
SAN PEDRO XALPA (AMPL) I,2710,1820.21,2541.179356,40%
SAN JUAN DE ARAGON 7 SECC (U HAB) I,7970,2598.54,3632.1969,40%
CREDITO CONSTRUCTOR,3940,6360.219968,8895.154437,40%
GARCIMARRERO NORTE,1210,1273.701481,1788.243827,40%
EL ARBOL,1250,1236.707538,1739.380731,41%
ROMA NORTE II,6700,7156.073693,10074.53047,41%
LOMAS DE PUERTA GRANDE,1130,1255.644449,1767.79701,41%
PENSIL SUR,11490,2970.45,4183.696306,41%
LA RAZA,2960,2160.292939,3053.028492,41%
FERRERIA,2230,2280.012429,3222.396197,41%
NATIVITAS,3500,2548.185782,3605.931163,42%
VILLA HERMOSA,7410,1604.13,2270.652718,42%
SANTA MARTHA ACATITLA_(PBLO),9638,1516.417275,2148.13749,42%
SAN PEDRO DE LOS  PINOS,3800,4624.303143,6552.924447,42%
RINCON DE LA BOLSA,1800,1233.2,1747.523633,42%
CALZADA JALALPA,1120,1256.223408,1780.722645,42%
SAN ANDRES DE LAS SALINAS (PBLO),2300,2316.270145,3283.64955,42%
ISSFAM LAS ARMAS (U HAB),2710,1789.82,2541.222499,42%
VILLA LAZARO CARDENAS,14650,2529.748318,3593.90954,42%
TEPEACA,1550,1246.62,1772.811308,42%
TULA (BARR),9857,1526.515671,2171.813329,42%
SANTA APOLONIA (BARR),2770,2353.03,3353.310189,43%
GUADALUPE (BARR),9900,1503.4292,2148.29728,43%
SAN PEDRO XALPA (PBLO),2470,1789.82,2560.816501,43%
SAN ANTONIO CULHUACAN (BARR),9900,1527.486319,2186.382373,43%
EL VERGEL,9900,1518.600821,2177.330922,43%
JUAN GONZALEZ ROMERO,7550,1604.13,2300.170753,43%
ESCANDON I,11870,6057.952815,8714.427294,44%
LA NUEVA ROSITA,9420,2455.34,3537.709501,44%
LAS HUERTAS,10920,1462.26,2110.343907,44%
CONSEJO AGRARISTA MEXICANO II,9900,1494.410107,2158.413595,44%
BELEN DE LAS FLORES_,1630,1220.65,1771.638445,45%
PROVIDENCIA,2070,1747.66,2537.056239,45%
SAN LORENZO TEZONCO (PBLO),9920,1481.62267,2151.826775,45%
CORPUS CURISTY AMPL XOCOMECATLA,1270,1234.796988,1797.609326,46%
PEDREGAL DE SN NICOLAS 3A SECC,14600,1307.03,1903.916984,46%
LOMAS DE SAN LORENZO II,9980,1473.202402,2157.145924,46%
SAN  MIGUEL AMANTLA (PBLO),2700,1761.11,2579.83712,46%
PEDREGAL DE SN NICOLAS 2A SECC,14400,1304.324776,1914.342786,47%
LOMAS ESTRELLA  III (U HAB),9890,1472.797273,2167.683873,47%
PEDREGAL DE SN NICOLAS 4A SECC II,14735,1283.84,1891.914989,47%
LIBERACION,2900,1841.702363,2715.206088,47%
AO DE JUAREZ,9980,1474.926696,2176.871182,48%
VALLE DE LUCES I,9860,1460.53,2155.729115,48%
LOS  ENCINOS,14730,1276.87,1886.845923,48%
SIERRA DEL VALLE,9730,1468.10878,2172.527592,48%
HOGAR Y REDENCION,1400,1219.55,1807.652351,48%
LA JOYA,14650,2461.57219,3652.314838,48%
SAN LORENZO TLALTENANGO,11210,1375.19,2041.135213,48%
TLACOYAQUE (BARR),1859,1171.91,1739.529336,48%
DEL MAR SUR,13300,1301.128768,1932.161675,48%
CULTURA MAYA,14730,1276.87,1896.663962,49%
SAN JOSE DE LOS CEDROS I,5200,1781.35,2648.903077,49%
DEL MAR NORTE,13300,1308.37534,1946.169678,49%
VALLE DE LUCES II,9800,1460.53,2175.88322,49%
VALLE DE LUCES (U HAB),9840,1460.53,2176.013335,49%
EL MIRADOR,9870,1460.53,2176.500468,49%
ESTRELLA CULHUACAN,9870,1460.53,2177.345075,49%
ALCANTARILLA,1700,2167.62,3236.273027,49%
LADERA GRANDE O LA CEBADITA,1210,1171.291892,1748.899829,49%
LOMAS DE GUADALUPE,1588,2135.127782,3192.327435,50%
SAN NICOLAS TOTOLAPAN (PBLO),10910,1406.04294,2102.544767,50%
LOMAS EL MANTO,9856,1460.53,2186.791437,50%
EL MANTO PLAN DE IGUALA,9858,1460.53,2186.791437,50%
VERACRUZANA (AMPL),9856,1460.53,2187.162506,50%
SAN SIMON CULHUACAN (BARR),9870,1462.056247,2190.918264,50%
VALLE DEL SUR,9960,1460.53,2191.323813,50%
ESTADO DE VERACRUZ,9856,1460.53,2191.743103,50%
SANTA MARIA DEL MONTE,9870,1460.53,2191.743103,50%
SAN MIGUEL CHAPULTEPEC II,11870,4693.856116,7046.077307,50%
SANTIAGO AHUIZOTLA (PBLO),2700,1703.821986,2559.86375,50%
JALALPA EL GRANDE,1150,1188.19,1787.564717,50%
TLATILCO,2800,1832.42,2759.094965,51%
PUEBLO QUIETO,14050,2840.89931,4283.886019,51%
DEL GAS,2900,1832.362242,2763.53098,51%
LA CEBADA (AMPL),1210,1148.834627,1735.183844,51%
LA CONCEPCION,10830,1409.243438,2134.756593,51%
SAN JOSE ACULCO,9830,2322.65,3518.768403,51%
SAN ANTONIO (BARR),9970,1414.18765,2146.695627,52%
PALMAS AXOTITLA,1410,1163.226213,1766.68913,52%
DEL GAS (AMPL),2790,1832.42,2787.936804,52%
CAMPO DE TIRO LOS GAMITOS,1230,1153.95,1758.78064,52%
SAN LORENZO TEZONCO (BARR),9960,1421.111316,2166.275523,52%
EL VERGEL TRIANGULO DE LAS AGUJAS II (U HAB),9880,1405.11,2144.544078,53%
LA ESPERANZA,9910,1405.11,2144.544078,53%
JOSE LOPEZ PORTILLO II,9920,1405.11,2144.544078,53%
EL VERGEL TRIANGULO DE LAS AGUJAS I (U HAB),9880,1405.11,2144.544078,53%
ROMA NORTE I,6700,7634.569445,11658.23264,53%
JOSE LOPEZ PORTILLO I,9920,1405.11,2146.462885,53%
ZAPOTLA,8610,1501,2294.325459,53%
PUENTE BLANCO,9970,1405.11,2148.00007,53%
CHINAMPAS DE SANTA MA TOMATLAN,9897,1405.11,2148.457071,53%
EL POCITO,1110,1127.922059,1724.921587,53%
LOMAS DE BECERRA,1279,1143.957283,1749.569351,53%
LOMAS DE SAN LORENZO I,9780,1405.139551,2152.529854,53%
GRANJAS ESTRELLA II,9880,1405.11,2152.691242,53%
SAN NICOLAS TOLENTINO II,9880,1405.11,2152.691242,53%
GRANJAS ESTRELLA III,9850,1405.11,2153.30324,53%
EL ROSARIO,9960,1410.284723,2161.964929,53%
CASA BLANCA,9860,1405.11,2158.078035,54%
SAN LORENZO TEZONCO II (U HAB),9860,1405.11,2158.174975,54%
SAN ANDRES TOTOLTEPEC (PBLO),14659,1230.295153,1892.526464,54%
SAN LORENZO 870 (U HAB),9860,1405.11,2162.962021,54%
SAN LORENZO TEZONCO I (U HAB),9860,1405.11,2163.17694,54%
ALCANFORES (U HAB),9880,1405.11,2163.17694,54%
IGNACIO ALLENDE,2810,1832.42,2826.922721,54%
BENITO JUAREZ,9900,1405.11,2167.705605,54%
EL RODEO,9890,1405.11,2167.936342,54%
LIBERACION PROLETARIA,1209,1133.39,1749.689194,54%
CALTONGO (BARR),16600,1141.786713,1765.915283,55%
LOMAS DE NUEVO MEXICO,1250,1133.39,1754.085597,55%
IGNACIO ZARAGOZA (U HAB),9230,1393.786018,2157.93742,55%
EL ROSAL,10650,1355.4,2098.919397,55%
BELLAVISTA (U HAB),9870,1405.11,2176.975731,55%
SAN NICOLAS TOTOLAPAN,10900,1370.02807,2124.454255,55%
SAN NICOLAS TOLENTINO I,9890,1405.11,2181.994758,55%
ZONA MILITAR FAVE SEDENA (U HAB),9885,1405.11,2182.323128,55%
CERRO DE LA ESTRELLA I,9900,1405.11,2196.780759,56%
POTRERILLO,10620,1340.392709,2098.919397,57%
ZOTOLTITLA,1650,1119.84,1756.433637,57%
RAMOS MILLAN BRAMADERO II,8930,1461,2294.499471,57%
LOS REYES,8620,1479,2322.980835,57%
GABRIEL HERNANDEZ (AMPL) II,7089,1435.25,2256.636726,57%
GABRIEL HERNANDEZ,7080,1433.711695,2255.390361,57%
EL TORO,10910,1355.4,2132.234666,57%
TIERRA UNIDA,10860,1338.97,2107.926234,57%
RENOVACION,9790,1362.377675,2153.608439,58%
GABRIEL HERNANDEZ (AMPL) I,7090,1438.198442,2275.395023,58%
LA MILAGROSA,1600,1109.985354,1756.497873,58%
UNION OLIVOS,1290,1108.463143,1757.939822,59%
JALALPA TEPITO,1250,1082.966921,1719.884734,59%
LA CANADA,1269,1120.872045,1781.09549,59%
LA MEXICANA,1200,1091.386146,1735.030445,59%
SANTA MARIA NATIVITAS (PBLO),16790,1138.319822,1809.82582,59%
HUAYATLA,10620,1338.97,2130.299425,59%
CANTIL DEL PEDREGAL,4730,2953.56,4707.912514,59%
1o DE MAYO,5410,1479.518929,2360.90339,60%
BARROS SIERRA,10380,1337.92968,2137.208418,60%
GRANJAS CABRERA,13280,1219.648651,1950.756347,60%
LOMAS DE SAN BERNABE,10610,1333.354996,2140.564265,61%
INFONAVIT CAMINO SAN JUAN DE ARAGON (U HAB),7950,2252.96,3627.254857,61%
LOS OLIVOS (U HAB),7950,2252.96,3627.254857,61%
HORNOS DE ARAGON (U HAB),7950,2252.96,3632.1969,61%
INFONAVIT LORETO FABELA (U HAB),7950,2252.96,3632.1969,61%
SAN JUAN DE ARAGON (PBLO),7950,2252.96,3632.35669,61%
EJTO CONSTITUCIONALISTA,9230,1332.155159,2148.616861,61%
CERRO GRANDE,16800,1094.480341,1765.915283,61%
TLACOTAL RAMOS MILLAN,8730,1439,2323.553991,61%
2DA  JALALPA TEPITO (AMPL),1260,1063.626266,1724.822516,62%
TORIELLO GUERRA,14350,2683.873063,4352.675007,62%
POTRERILLO (AMPL),10640,1308.628361,2125.203273,62%
RAMOS MILLAN BRAMADERO I,8000,1411,2294.587196,63%
LA POLVORILLA,9880,1351.18,2201.394747,63%
PEDREGAL DE SANTA URSULA I,4600,1556.659969,2544.403084,63%
MIRADOR 1A SECC,14658,1210.08,1979.91025,64%
LOS PADRES,10340,1287.255617,2107.972573,64%
CHINAMPAC DE JUAREZ III,9920,1309.46,2144.544078,64%
NUEVA TENOCHTITLAN,16500,1078.67,1769.764359,64%
9 1/2 - FRANCISCO VILLA (EJERCITO CONSTITUCIONALISTA) (CONJ HAB),9220,1309.46,2148.616861,64%
"EJTO CONSTITUCIONALISTA, SUPERMANZANA III (U HAB)",9220,1309.46,2148.616861,64%
CHINAMPAC DE JUAREZ II,9225,1309.46,2148.616861,64%
PEDREGAL DE SN NICOLAS 1A SECC,14900,1152.485331,1893.803074,64%
CHINAMPAC DE JUAREZ I,9220,1309.46,2153.250509,64%
CABEZA DE JUAREZ I (U HAB),9208,1309.46,2153.253705,64%
EJTO CONSTITUCIONALISTA II ( U HAB),9227,1309.46,2153.253705,64%
MEDIA LUNA,4737,2953.56,4858.385066,64%
PARAISO,9510,1319.888249,2172.710286,65%
GUELATAO DE JUAREZ II (U HAB),9220,1309.46,2157.93742,65%
ANTORCHA POPULAR I (U HAB),9227,1309.46,2157.93742,65%
CABEZA DE JUAREZ II (U HAB),9230,1309.46,2157.93742,65%
CABEZA DE JUAREZ III (U HAB),9230,1309.46,2157.93742,65%
SAN MATEO XALPA (PBLO),16880,1067.673444,1761.199589,65%
LOMAS DE LA ERA,1860,1045.576093,1725.219862,65%
"EJTO CONSTITUCIONALISTA, SUPERMANZANA I ( U HAB)",9230,1309.46,2163.272015,65%
ALVARO OBREGON,9220,1309.46,2166.715543,65%
LOMAS DE LOS CEDROS,1840,1046.32,1733.233761,66%
SANTA MARTHA ACATITLA,9651,1297.536407,2150.749788,66%
GABRIEL RAMOS MILLAN,8740,1374,2284.552711,66%
CAROLOS PACHECO (U HAB),9578,1290.96,2148.680777,66%
FUERTE DE LORETO - LA ANTENA (U HAB),9700,1290.96,2148.680777,66%
EJIDOS SAN JUAN DE ARAGON 2A SECCION (U HAB),7969,2177.42,3627.395472,67%
PARAJE EL CABALLITO,1856,1029.665273,1715.869476,67%
REFORMA IZTACCIHUATL SUR,8840,1411,2352.636221,67%
ABDIAS GARCIA SOTO,5530,1620.71,2703.577432,67%
MODELO PENSIL,11490,2970.45,4961.605531,67%
"EJTO CONSTITUCIONALISTA, SUPERMANZANA II ( U HAB)",9220,1309.46,2187.413909,67%
LA ASUNCION (BARR),16600,1061.735323,1773.661373,67%
ART 4TO CONSTITUCIONAL (U HAB),9500,1290.96,2158.37205,67%
LA CRUZ (BARR),7730,1357.319794,2270.340328,67%
EJERCITO DE AGUA PRIETA,9578,1290.96,2161.842689,67%
LA PRESA SECCION HORNOS,1270,1028.74271,1725.166599,68%
STA MARTHA ACATITLA NTE (AMPL) II,9590,1278.691775,2144.544078,68%
PEON VIEJO (U HAB),9230,1290.96,2166.855519,68%
SANTA CRUZ ACALPIXCA (PBLO),16640,1051.999294,1765.915283,68%
STA MARTHA ACATITLA NTE (AMPL) I,9740,1280.557868,2150.316755,68%
LA ESTACION,13319,1147.844784,1928.184767,68%
ROMA NORTE III,6500,7024.041469,11815.68475,68%
ALVARO OBREGON_(FRACC),9230,1290.96,2171.778175,68%
JOSE MA MORELOS Y PAVON (U HAB),9230,1290.96,2171.945955,68%
PEDREGAL DE STO DOMINGO II,4369,1536.389726,2587.866715,68%
EL RODEO,1270,1020.41,1719.731335,69%
PARAISO (AMPL),9230,1290.96,2177.545498,69%
SAN MIGUEL ZAPOTITLA,13700,1144.494962,1931.936094,69%
CAMPAMENTO 2 DE OCTUBRE II,8930,1332,2249.72271,69%
LA JOYA,9230,1290.96,2181.943226,69%
AJUSCO HUAYAMILPAS,4300,1467.791616,2485.956392,69%
REFORMA POLITICA II,9750,1282.098655,2183.746185,70%
TEPEACA (AMPL),1550,1057.83,1802.09535,70%
CANANEA (U HAB),9969,1259.951985,2146.539585,70%
SANTA MARTHA ACATITLA SUR (AMPL),9570,1256.98,2144.544078,71%
AVE REAL,1550,1057.83,1807.221556,71%
MIRADOR DEL VALLE,14658,1099.59171,1880.915842,71%
DE LA CANDELARIA (PBLO),4300,1528.864591,2617.694781,71%
CANTERA PUENTE DE PIEDRA,14900,2558.823699,4381.420708,71%
AVE REAL (AMPL),1120,1057.83,1816.794894,72%
PUNTA DE CEHUAYO,1540,1057.83,1817.2333,72%
VISTA HERMOSA,10379,1226.31,2107.131276,72%
NUEVA DIAZ ORDAZ,4300,1492.17,2568.854318,72%
CITLALLI,9828,1250.613452,2157.554988,73%
EL BATAN,1508,1043.72,1801.972059,73%
SANTA LUCIA REACOMODO,1500,1043.72,1801.972059,73%
SAN LORENZO XICOTENCATL (PBLO),9140,1254.265714,2167.741398,73%
REFORMA POLITICA I,9730,1253.011284,2167.620596,73%
AJUSCO II,4300,1435.46,2486.039483,73%
AJUSCO I,4300,1440.621972,2495.830565,73%
TLACOYAQUE,1600,994.9908889,1725.219862,73%
AJUSCO III,4300,1451.655541,2519.375208,74%
TETLALPAN,1507,1043.72,1826.418957,75%
ADOLFO RUIZ CORTINES I,4369,1433.814164,2515.470897,75%
SAN GREGORIO ATLAPULCO (PBLO),16640,1006.957584,1768.815204,76%
OJO DE AGUA,13450,1093.15088,1928.184767,76%
SANTA INES,2140,1448.32,2584.707176,78%
TEXCOCO EL SALADO,9140,1199.91,2148.648819,79%
FUENTES DE ZARAGOZA (U HAB),9510,1199.91,2148.648819,79%
SOLIDARIDAD EL SALADO (U HAB),9540,1199.91,2148.648819,79%
ARTURO GAMIZ,1506,1043.72,1874.654402,80%
TLACOYAQUE (AMPL),1859,961.2532877,1729.917426,80%
LOS PICOS VI B,9430,1955.51,3527.511586,80%
DESARROLLO URBANO QUETZALCOATL  I,9760,1190.660134,2148.079412,80%
LA JOYITA,9530,1199.91,2166.855519,81%
GOLONDRINAS,1210,973.78,1759.303794,81%
PEDREGAL DE SANTA URSULA II,4600,1435.46,2593.546565,81%
CUCHILLA DE PADIERNA,14240,1053.035881,1906.211119,81%
LOMAS DE CAPULIN,1110,956.3257955,1742.431387,82%
DOLORES TLALI,14654,1037.964,1891.185023,82%
SANTIAGO ACAHUALTEPEC (PBLO),9730,1176.190639,2146.859166,83%
EL MOLINO,9960,1183.081126,2161.284201,83%
ATACAXCO,10379,1156.329747,2112.935709,83%
GOLONDRINAS 2DA SECCION,1210,973.78,1780.845364,83%
CEDRO CHICO,1299,998.3257143,1826.418957,83%
GRANJAS ESTRELLA I,9890,1571.953932,2877.47785,83%
MILPA DEL CEDRO,1505,1026.066667,1879.679472,83%
JALALPA,1209,954.3390265,1754.903483,84%
PEDREGAL DE STO DOMINGO VII,4369,1340.926688,2481.510125,85%
LA MEXICANA (AMPL),1260,961.1310526,1778.811234,85%
VILLA SOLIDARIDAD,1275,958.4197872,1776.578733,85%
ROMA SUR II,6760,5011.361579,9308.010491,86%
TEPOPOTLA,1538,973.1437634,1812.052035,86%
LAS PALMAS,10610,1133.729284,2112.935709,86%
DESARROLLO URBANO QUETZALCOATL  II,9828,1175.6,2197.317945,87%
1A AMPLIACION SANTIAGO ACAHUALTEPEC,9828,1151.251908,2152.673665,87%
LA CANDELARIA TICOMAN (BARR),7360,1208.901811,2260.549719,87%
ALLEPETLALI (U HAB),9960,1145.91,2144.544078,87%
F P F V (PREDIO EL MOLINO) ( U HAB),9960,1145.91,2144.544078,87%
HUASIPUNGO (U HAB),9960,1145.91,2144.544078,87%
MOYOCOYANI (U HAB),9960,1145.91,2144.544078,87%
NA HAL TI (U HAB),9960,1145.91,2144.544078,87%
NUEVA GENERACION (U HAB),9960,1145.91,2144.544078,87%
RINCONADA EL MOLINO,9960,1145.91,2144.544078,87%
TLALTENCO (U HAB),9960,1145.91,2144.544078,87%
LA PLANTA,9960,1145.91,2144.544078,87%
TLANEZICALLI (U HAB),9960,1145.91,2146.642363,87%
STA MA AZTAHUACAN (PBLO),9830,1146.08538,2147.817909,87%
PEDREGAL DE SN NICOLAS 4A SECC I,14738,999.628663,1878.469449,88%
PEDREGAL DE STO DOMINGO VIII,4360,1304.97,2452.505018,88%
AMPLIACION MIGUEL HIDALGO 4A SECC,14657,1021.547226,1920.409363,88%
LA PALMITA,1110,951.2946825,1788.495896,88%
MINAS POLVORILLA (U HAB),9750,1148.05,2160.882348,88%
PLENITUD (U HAB),9970,1145.91,2156.967045,88%
JUVENTINO ROSAS II,8730,1222,2304.279839,89%
JARDINES DE SAN LORENZO,9960,1145.91,2161.284201,89%
USCOVI (U HAB),9960,1145.91,2161.284201,89%
SAN BARTOLO AMEYALCO,10010,1118.219238,2109.597366,89%
CARMEN SERDAN ( U HAB),9970,1145.91,2167.518417,89%
VALLE DE SAN LORENZO I,9970,1145.91,2167.518417,89%
VALLE DE SAN LORENZO II,9970,1145.91,2167.518417,89%
PEDREGAL DE STO DOMINGO III,4300,1339.982471,2535.242259,89%
INSURGENTES,9830,1138.160887,2153.648387,89%
AIDEE SOLS CRDENAS-MATAS ROMERO (U HAB),7280,1191.33,2256.796517,89%
COOPERATIVA LUIS ENRIQUE RODRGUEZ OROZCO (U HAB),7280,1191.33,2256.796517,89%
EL ARBOLILLO 2 (U HAB),7280,1191.33,2256.796517,89%
EL ARBOLILLO 3 (U HAB),7280,1191.33,2256.796517,89%
PEDREGAL DE STO DOMINGO V,4360,1304.97,2472.131243,89%
SANTIAGO TULYEHUALCO (PBLO),16790,931.1356204,1765.915283,90%
LOMAS DEL PEDREGAL,14240,996.73,1891.704342,90%
SANTA CECILIA,13210,1019.819829,1937.167635,90%
PEDREGAL DE STO DOMINGO VI,4300,1304.97,2481.655078,90%
LOMAS DE MEMETLA,5330,1797.596596,3427.892924,91%
SANTA CRUZ MEYEHUALCO (U HAB) I,9830,1136.842733,2167.933786,91%
ADOLFO RUIZ CORTINES II,4330,1304.97,2489.817479,91%
SAN LORENZO ACOPILCO (PBLO),5410,1242.593383,2372.322786,91%
PEDREGAL DE STO DOMINGO IV,4309,1304.97,2491.649277,91%
JUVENTINO ROSAS I,8740,1197,2304.158398,92%
ANAHUAC LAGO SUR,11820,2794.63718,5398.496347,93%
LA CAADA,16800,914.16,1765.915283,93%
ROMA SUR I,6760,4903.855913,9475.777199,93%
PARAJE ZACATEPEC,9660,1112.814496,2153.153037,93%
SANTA CRUZ MEYEHUALCO (U HAB) II,9830,1111.549108,2152.170325,94%
MIXCOATL,9920,1134.53,2201.394747,94%
PALMITAS,9730,1108.55,2167.620596,96%
SANTA MARIA TOMATLAN (PBLO),9870,1460.53,2866.394616,96%
FUEGO NUEVO,9890,1460.53,2866.980248,96%
12 DE DICIEMBRE,9870,1460.53,2867.719279,96%
SAN ANDRES TOMATLAN (PBLO),9900,1460.53,2871.484066,97%
SANTA MARIA TOMATLAN,9870,1460.53,2872.665095,97%
SAN MIGUEL,8900,1158,2284.287814,97%
SANTA MARIA TOMATLAN (AMPL),9890,1453.658518,2867.739253,97%
MONTE ALBAN,9570,1087.8,2147.817909,97%
EL EDEN,9530,1087.8,2148.13749,97%
SAN SEBASTIAN TECOLOXTITLAN (PBLO),9570,1087.8,2148.13749,97%
PREDIO SANTA CRUZ MEYEHUALCO,9290,1087.8,2151.259519,98%
2A AMPLIACION SANTIAGO ACAHUALTEPEC I,9698,1090.010329,2157.550727,98%
PEDREGAL DE STO DOMINGO IX,4360,1304.97,2583.962206,98%
DIAMANTE,14657,947.65,1882.8541,99%
SN JUAN  TEPEXIMILPA (AMPL),14657,947.65,1882.8541,99%
SN JUAN TEPEXIMILPA,14657,947.65,1892.17892,100%
LOMA BONITA-AMPLIACION TEPEXIMILPA,14657,941.8154348,1882.8541,100%
QUIAHUATLA,13090,964.22,1928.184767,100%
TIERRA Y LIBERTAD,13429,964.22,1928.184767,100%
MA ESTHER ZUNO DE ECHEVERRIA-TLALPUENTE,14659,947.3454749,1894.714518,100%
CARLOS HANK GONZALEZ,9750,1081.183429,2163.36709,100%
SAN JOSE,13040,964.22,1932.321466,100%
LA HABANA,13050,964.22,1932.321466,100%
SANTA ROSA XOCHIAC (PBLO),1830,865.8377866,1738.344756,101%
SAN BERNABE OCOTEPEC (PBLO),10600,1058.362764,2125.263194,101%
CHIMILLI,14749,931.31,1874.094939,101%
BELVEDERE,14748,931.31,1877.52856,102%
SELENE (AMPL),13450,964.22,1946.888735,102%
MIRADOR I,14749,931.31,1881.920924,102%
MIRADOR II,14749,931.31,1882.3204,102%
SANTA MARIA AZTAHUACAN (EJ) II,9750,1068.743799,2163.168151,102%
SANTA INES,16870,871.891117,1765.915283,103%
LOMAS ALTAS DE PADIERNA SUR,14748,931.31,1886.845923,103%
BOSQUE DE TEPEXIMILPA,14657,947.65,1921.16677,103%
SELENE 2da SECC,13430,968.5729494,1966.382867,103%
SELENE 1a SECC,13460,965.8234579,1961.513528,103%
ANAHUAC DOS LAGOS,11460,2970.45,6045.894708,104%
EL TANQUE,10350,1026.025865,2090.851852,104%
SAN JOSE ZACATEPEC,16820,859.2984332,1761.199589,105%
METROPOLITANO (U HAB),1610,855.6,1755.866061,105%
PROF JOSE ARTURO LOPEZ,1610,855.6,1756.020738,105%
2A AMPLIACION SANTIAGO ACAHUALTEPEC II,9698,1050.811697,2157.316367,105%
LOMAS DE CHAMONTOYA,1857,838.0959594,1724.950349,106%
CONCIENCIA PROLETARIA,1610,855.6,1765.977529,106%
LOMAS HIDALGO,14720,931.31,1925.446961,107%
LOMAS DE SANTA CRUZ MEYEHUALCO,9900,1042.202063,2155.482229,107%
ZENTLAPATL,5010,1149.962215,2386.485253,108%
SANTIAGO ZAPOTITLAN (PBLO),13440,931.7835304,1943.956579,109%
SAN PEDRO TLAHUAC (PBLO),13120,923.8342529,1932.321466,109%
SAN JUAN Y GUADALUPE TICOMAN (BARR),7350,1076.238306,2256.395166,110%
CRUZ DEL FAROL,14657,897.579281,1905.677875,112%
TENORIOS,9880,1009.904716,2144.544078,112%
SAN PEDRO IZTACALCO,8900,1114,2372.210037,113%
LOMA DEL PADRE,5020,1116.347146,2380.50031,113%
EL ERMITAO,10660,985.3832826,2107.926234,114%
JALALPA (AMPL),1296,803.32,1725.460613,115%
BUENAVISTA I,9770,1002.291098,2153.488597,115%
LAS LAJAS,5410,1098.5,2360.90339,115%
XALPA II,9740,996.0582318,2147.114831,116%
TECORRAL,14650,875.1419259,1886.542321,116%
SANTA MARIA AZTAHUACAN (EJ) I,9700,992.3519542,2144.544078,116%
TEJOCOTE,1240,812.3,1756.256909,116%
DESARROLLO URBANO,1270,815.6350962,1770.377821,117%
EL MOLINITO,5310,1620.71,3544.659252,119%
2 DE OCTUBRE,14748,854.6881688,1878.325638,120%
NATIVITAS,16797,803.5066071,1765.915283,120%
AGUA BENDITA,5780,1078.542036,2371.31078,120%
PEDREGAL DE SANTA URSULA IV,4300,1435.46,3159.04861,120%
BOSQUES DEL PEDREGAL,14738,848.89622,1869.379245,120%
LOMAS DE CUILOTEPEC,14737,848.53,1878.325638,121%
XALPA III,9670,965.959515,2144.544078,122%
VISTAS DEL PEDREGAL,14738,848.53,1884.651467,122%
VIEJO EJIDO SANTA URSULA COAPA,4980,2113.51194,4722.749053,123%
EL CARMEN,7199,1005.168959,2252.723734,124%
PEDREGAL DE STO DOMINGO I,4336,1551.420984,3483.701976,125%
CUCHILLA RAMOS MILLAN,8730,1003,2255.744235,125%
DESARROLLO URBANO QUETZALCOATL  III,9750,978.8129928,2201.394747,125%
CASTILLO CHICO,7258,999.1610316,2252.723734,125%
TOLTECA,1140,1788.36,4053.160304,127%
CRISTO REY,16797,775.9272664,1766.344843,128%
SAN PABLO CHIMALPA (PBLO),5050,1034.514,2360.90339,128%
OLIVAR SANTA MARIA,16799,773.4508169,1765.915283,128%
MIRADOR 2A y 3A SECC,14657,827.5209836,1892.662286,129%
PEDREGAL DE SANTA URSULA III,4600,1435.46,3287.419719,129%
CHALMA DE GUADALUPE II,7230,985.96,2259.706025,129%
CHALMA DE GUADALUPE I,7210,985.2473129,2259.706025,129%
CRUZ BLANCA,5700,1034.499901,2373.494583,129%
GRACIANO SANCHEZ,7210,985.96,2271.287885,130%
CAMPESTRE POTRERO,9637,446.7779013,1030.882429,131%
BUENAVISTA II,9760,928.538556,2148.457071,131%
CASTILLO GRANDE,7290,963.7799762,2252.723734,134%
FRANCISCO VILLA,13529,822.85,1932.398165,135%
HIPODROMO CONDESA,6170,4863.53384,11427.68849,135%
LA PILA,5710,1002.972759,2360.90339,135%
SAN JUAN IXTAYOPAN (PBLO),13500,820.4699076,1932.398165,136%
JARDINES DEL LLANO-U.H. VILLA TLATEMPA,13550,820.4594302,1936.467752,136%
TIERRA COLORADA,10926,884.74,2090.45425,136%
EL CARMEN,16790,743.5948846,1766.344843,138%
BENITO JUAREZ,7290,944.33,2252.723734,139%
LA PASTORA,7310,945.7699182,2256.317145,139%
EL RODEO,8510,951,2269.835062,139%
SANTA CATARINA (AMPL),13150,810.6362937,1935.091956,139%
EL ARBOLILLO,7530,944.33,2256.796517,139%
LA MAGUEYERA,14654,790.0028571,1891.185023,139%
HIPODROMO I,6170,6681.815132,16010.9525,140%
CUAUTEPEC DE MADERO,7200,938.48,2252.723734,140%
DEL BOSQUE,7230,938.48,2252.723734,140%
GUADALUPE VICTORIA,7840,938.48,2252.723734,140%
JAIME S EMILIANO G,7210,938.48,2252.723734,140%
ZONA ESCOLAR I,7300,938.48,2256.796517,140%
ZONA ESCOLAR II,7270,938.48,2256.796517,140%
ZONA ESCOLAR ORIENTE,7339,938.48,2256.796517,140%
CARLOS ZAPATA VELA,8040,1481,3582.67201,142%
VALLE DE MADERO,7910,923.4826855,2256.882804,144%
SANTA CATARINA YECAHUIZOTL (PBLO),13180,792.2435523,1940.473423,145%
SOLIDARIDAD NACIONAL,7280,922.764589,2265.527981,146%
CUAUTEPEC EL ALTO (PBLO),7700,914.8437966,2255.166654,147%
XALPA I,9830,867.301334,2144.544078,147%
LA CARBONERA,10640,844.3346507,2090.45425,148%
NATIVITAS LA JOYA (AMPL),16900,711.5806716,1774.407594,149%
SAN FRANCISCO TLALTENCO (PBLO),13600,1031.974865,2612.383012,153%
BENITO JUAREZ (AMPL),7259,883.2521607,2252.723734,155%
SAN MIGUEL CUAUTEPEC,7109,884.1826866,2261.821651,156%
CHICHICASPATL,14201,731.67,1877.816183,157%
TLALMILLE,14659,730.7863043,1880.915842,157%
LA PALMA,14479,734.5786861,1891.09554,157%
EL DIVISADERO,14408,730.32,1880.943006,158%
NUEVO RENACIMIENTO DE AXALCO,14408,730.32,1880.943006,158%
VIVEROS DE COACTETLAN,14479,737.5062025,1899.951641,158%
LOS CERRILLOS II,16799,684.7600499,1765.915283,158%
PROGRESO TLALPAN,14408,730.32,1886.034187,158%
ZACATIENDA,14650,730.32,1886.140714,158%
ORIENTE (AMPL),14476,730.32,1886.40064,158%
EL TRIANGULO,13460,744.7805306,1928.184767,159%
LAS CRUCES,10360,801.4336467,2090.45425,161%
LOMAS DE ZARAGOZA,9740,818.063493,2144.544078,162%
EL OCOTAL,10640,796.9492647,2093.4085,163%
TEZONTITLA-ZOMPANTITLA,13900,727.6731148,1928.184767,165%
SAN LUIS TLAXIALTEMALCO (PBLO),16610,667.5263405,1769.339317,165%
EL TIANGUILLO,5400,890.9928195,2373.494583,166%
LUIS DONALDO COLOSIO,7164,845.1493137,2261.821651,168%
TIERRA BLANCA,13549,721.9337692,1932.398165,168%
POPO,11480,2970.45,7968.559024,168%
MALACATES,7201,836.7047838,2252.723734,169%
POPO (AMPL),11490,2970.45,8017.42465,170%
SAN MIGUEL TEOTONGO I,9699,786.94,2144.544078,173%
PARAJE 38,14657,686.67,1886.573214,175%
SAN MIGUEL TEOTONGO IV,9699,778.9285879,2144.544078,175%
ATOCPA SUR,14657,679.26,1874.094939,176%
PEA ALTA,13640,697.9574807,1928.184767,176%
LA PRIMAVERA,14734,680.2001935,1882.870079,177%
VERANO,14657,679.26,1882.870079,177%
HIPODROMO II,6170,5397.929627,15002.87645,178%
SAN MIGUEL TEOTONGO III,9690,758.9624709,2144.544078,183%
SANTA CRUZ CHAVARRIETA,16840,619.9788406,1761.199589,184%
LOMAS DE LA ESTANCIA I,9838,749.7942143,2147.114831,186%
EL ROSARIO,13540,673.1385915,1932.398165,187%
6 DE JUNIO,7788,781.7716822,2255.166654,188%
LA CRUZ,8910,805,2331.999744,190%
MIGUEL DE LA MADRID HURTADO,9838,740.82,2151.858734,190%
PARAJES BUENAVISTA (TETECON),9706,735.2566667,2144.544078,192%
SANTIAGO NORTE,8900,767,2245.39862,193%
EMILIANO ZAPATA 1A,13720,653.5511261,1928.184767,195%
SAN ANTONIO TECOMITL (PBLO),12100,670.6858363,1991.196742,197%
XALPA,5730,793.0218939,2360.90339,198%
IXTLAHUACAN,9690,719.1766427,2144.544078,198%
CONDESA,6140,4945.298461,14808.83153,199%
LOMAS DE LA ESTANCIA II,9830,716.9187455,2147.114831,199%
TENORIOS (AMPL),9690,715.9725703,2144.544078,200%
COLA DE PATO,5750,790.69,2368.398608,200%
LOS CERRILLOS III,16780,580.8960659,1766.344843,204%
VILLA MILPA ALTA (PBLO),12700,650.2363138,1990.835616,206%
CASTILLO GRANDE (AMPL),7258,734.45,2252.723734,207%
3 DE MAYO,13429,615.5569912,1928.184767,213%
PALMATITLA,7210,716.6828314,2255.166654,215%
INPI PICOS,8760,706,2226.400105,215%
AHUEHUETES,7530,711.6815449,2252.723734,217%
LOPEZ PORTILLO,13450,816.070998,2612.383012,220%
SAN MIGUEL TEOTONGO II,9690,664.8369767,2144.544078,223%
EMILIANO ZAPATA (AMPL),9699,654.2590195,2153.314425,229%
SANTA CECILIA TEPETLAPA (PBLO),16880,534.2387631,1759.650943,229%
AVIACION CIVIL,15740,2051.111027,6821.484624,233%
SANTO TOMAS AJUSCO (PBLO),14839,564.8456019,1879.717413,233%
TLALPEXCO,7188,676.5039212,2252.723734,233%
VISTA HERMOSA,7410,672.9,2252.723734,235%
COCOYOTES (AMPL),7188,672.9,2255.166654,235%
CUATRO ARBOLES,15740,2057.306201,6933.250763,237%
SAN JERONIMO MIACATLAN (PBLO),12800,585.2124186,1982.274595,239%
BAHIA (U HAB),15930,2042.49,6933.311532,239%
PARQUE METROPOLITANO,7210,660.7663636,2252.723734,241%
LA FORESTAL,7440,657.1487065,2252.723734,243%
LA MAGDALENA PETLACALCO (PBLO),14710,543.9569146,1871.776102,244%
SAN MIGUEL AJUSCO (PBLO),14780,543.2021313,1870.97715,244%
PLAN DE AYALA,14476,548.117907,1891.185023,245%
LOMAS DE CUAUTEPEC,7270,647.6911059,2252.723734,248%
EL MOLINO,5000,2955.958295,10321.49876,249%
JAIME TORRES BODET,13530,553.3607859,1932.41734,249%
LA FORESTAL 2,7140,636.5138294,2252.723734,254%
LA FORESTAL 1,7140,635.32,2252.723734,255%
TLACAELEL,7750,637.2465934,2261.821651,255%
JUVENTINO ROSAS,7230,635.32,2256.949916,255%
COMPOSITORES MEXICANOS,7230,635.32,2261.821651,256%
PRADOS DE CUAUTEPEC,7164,635.32,2261.821651,256%
SAN ANTONIO,7160,635.32,2261.821651,256%
TEPETATAL,7300,635.32,2261.821651,256%
LOMA DE LA PALMA,7160,635.5297129,2266.671016,257%
QUETZALCOATL 3,7160,635.32,2266.671016,257%
LA FORESTAL 3,7149,626.5444133,2252.723734,260%
LOMAS DE SAN BERNABE (AMPL),10369,583.5530545,2113.035418,262%
LA MAGUEYERA,9750,602.5510932,2201.394747,265%
EL ARENAL,14657,514.4148,1881.601343,266%
SAN MIGUEL TOPILEJO (PBLO),14500,512.1666246,1881.601343,267%
HUITZICO-LA POBLANITA,9638,276.2841346,1030.882429,273%
FRACCIONAMIENTO COYUYA,8320,627,2356.616365,276%
VALLE VERDE,14655,497.6538362,1874.094939,277%
LA VENTA,5520,626.7161111,2363.857639,277%
SAN PEDRO ATOCPAN (PBLO),12200,524.3812246,1982.274595,278%
NUEVA STA ANITA,8630,621,2386.351499,284%
COCOYOTES,7190,585.93,2252.723734,284%
GENERAL FELIPE BERRIOZABAL,7220,585.93,2255.166654,285%
LA CASILDA,7180,585.93,2255.166654,285%
MALACATES (AMPL),7170,581.8569497,2252.723734,287%
SAN ANDRES AHUAYUCAN (PBLO),16888,450.897672,1769.25303,292%
SAN FRANCISCO TECOXPA (PBLO),12700,498.9625882,1982.274595,297%
LA ESTACION,9750,536.2875758,2155.280637,302%
VERONICA CASTRO,7144,557.55,2252.723734,304%
ARBOLEDAS DE CUAUTEPEC (AMPL),7750,539.7326437,2252.723734,317%
GUADALUPE,16900,420.7036364,1765.915283,320%
ARBOLEDAS DE CUAUTEPEC,7240,525.625509,2255.166654,329%
EMILIANO ZAPATA 2A,13720,439.94,1928.184767,338%
SAN AGUSTIN OHTENCO (PBLO),12600,450.9285185,1982.274595,340%
SAN FRANCISCO APOLOCALCO,9637,473.9728455,2144.544078,352%
JARDINES DE SAN JUAN,14830,412.5821387,1874.094939,354%
MIRAVALLE,9696,470.4192222,2144.544078,356%
TLAZINTLA,8900,501,2347.310123,369%
SAN SALVADOR CUAUHTENCO (PBLO),12300,419.3317143,1989.461418,374%
SANTA ANA TLACOTENCO (PBLO),12940,410.7888596,1982.274595,383%
CUITLAHUAC,13000,397.67,1928.184767,385%
TEMPILULI,13360,397.67,1928.184767,385%
LA DRAGA,13273,397.67,1932.423732,386%
SAN MIGUEL  XICALCO (PBLO),14490,389.147459,1895.041769,387%
SAN NICOLAS TETELCO (PBLO),13730,392.4294693,1928.184767,391%
TEPANTITLAMILCO,13700,390.25375,1928.184767,394%
SAN FCO XICALTONGO,8619,455,2279.510167,401%
DEGOLLADO,9704,422.5714764,2201.394747,421%
SAN FRANCISCO TLALNEPANTLA (PBLO),16910,338.6473866,1765.915283,421%
PICOS IZTACALCO 2A,8770,424,2221.810773,424%
SAN JOSE BUENAVISTA,9709,409.0068069,2144.544078,424%
SAN ANDRES MIXQUIC (PBLO),13600,487.8926467,2617.876608,437%
PICOS IZTACALCO 1B,8930,422,2264.738326,437%
LOMAS DE TEXCALATLACO,14476,351.59,1894.916494,439%
PICOS IZTACALCO 1-A,8920,417,2269.213796,444%
LA ASUNCION,8920,403,2240.591866,456%
SAN LORENZO TLACOYUCAN (PBLO),12500,349.7243564,1982.274595,467%
LOMAS DE TEPEMECATL,14760,326.8063636,1889.820412,478%
"SAN PABLO I, II Y V-LOMAS DEL PARAISO",9696,362.3551688,2144.544078,492%
HEROES DE 1910,14760,305.1988,1914.598806,527%
CUCHILLA AGRICOLA ORIENTAL,8500,365,2323.08519,536%
MEMETLA,5310,1620.71,10433.49732,544%
ATOTOLCO,13040,290.77,1928.184767,563%
SAN JUAN TEPENAHUAC (PBLO),12800,294.9927586,1985.740174,573%
"AYOCATITLA,  ASUNCIN",14657,274.53,1874.094939,583%
LA LIBERTAD - IXTLAHUACA,14657,274.53,1874.094939,583%
TEZONTITLA,14657,274.53,1874.094939,583%
XAXALIPAC,14657,274.53,1874.094939,583%
EL ZACATON,14734,274.53,1876.410026,583%
LA GUADALUPANA,14657,274.53,1876.716824,584%
XAXALCO,14657,274.53,1877.049188,584%
SAN MIGUEL TEHUISCO-LOS ANGELES-AYOMETITLA,14500,274.53,1881.121971,585%
OCOTLA - OCOTLA CHICO,14700,274.53,1881.601343,585%
SAN BARTOLOME XICOMULCO (PBLO),12600,282.6011526,1982.274595,601%
SANTA CRUZ,8930,312,2250.488252,621%
EX EJIDOS DE LA MAGDALENA MIXIHUCA,8400,298,2284.63527,667%
PARRES EL GUARDA (PBLO),14900,237.9637607,1874.094939,688%
TEPETLICA EL ALTO-3 DE MAYO,14470,234.9178571,1891.185023,705%
JARDINES TECMA,8930,250,2244.693625,798%
LA JOYITA,13150,204.78,1935.83658,845%
LA MESA,13150,204.78,1940.473423,848%
TEOZOMA,13150,204.78,1940.473423,848%
LOS PASTORES,14550,187.49,1881.754742,904%
SAN MIGUEL TOXIAC,14900,187.49,1882.074323,904%
POLVORILLA (AMPL),9750,217.6078523,2206.316591,914%
PREDIO DEGOLLADO,9705,213.1053995,2191.571488,928%
SAN FRANCISCO CHIQUIMOLA,16780,170.1,1766.344843,938%
TLAXOPAN,16500,170.1,1769.189114,940%
TECACALANCO,16610,170.1,1773.421687,943%
JOYA DE VARGAS,16459,170.1,1774.407594,943%
BARRANCAS DE GUADALUPE,9689,201.73,2144.544078,963%
DEGOLLADO CHICO,9705,201.73,2148.824312,965%
MOSCO CHINAMPA,8760,209,2226.524741,965%
CAZULCO (BARR),10900,178.05,2090.45425,1074%
SUBESTACION,10900,178.05,2097.513241,1078%
TEXCALCO,5410,196.31,2372.322786,1108%
ALTOS TEPETLICA,16240,115.57,1765.915283,1428%
XICALHUACAN,16500,54.35,1779.273471,3174%
